Adzzy(A2)	C:/Users/Admin/Dropbox/College/Junior/Phage Hunters TA/fasta/phage/Adzzy.fasta
Bugsy(A2)	C:/Users/Admin/Dropbox/College/Junior/Phage Hunters TA/fasta/phage/Bugsy.fasta
Changeling(A2)	C:/Users/Admin/Dropbox/College/Junior/Phage Hunters TA/fasta/phage/Changeling.fasta
Che12(A2)	C:/Users/Admin/Dropbox/College/Junior/Phage Hunters TA/fasta/phage/Che12.fasta
ChipMunk(A2)	C:/Users/Admin/Dropbox/College/Junior/Phage Hunters TA/fasta/phage/ChipMunk.fasta
D29(A2)	C:/Users/Admin/Dropbox/College/Junior/Phage Hunters TA/fasta/phage/D29.fasta
EagleEye(A2)	C:/Users/Admin/Dropbox/College/Junior/Phage Hunters TA/fasta/phage/EagleEye.fasta
Echild(A2)	C:/Users/Admin/Dropbox/College/Junior/Phage Hunters TA/fasta/phage/Echild.fasta
Equemioh13(A2)	C:/Users/Admin/Dropbox/College/Junior/Phage Hunters TA/fasta/phage/Equemioh13.fasta
EvilGenius(A2)	C:/Users/Admin/Dropbox/College/Junior/Phage Hunters TA/fasta/phage/EvilGenius.fasta
Heffalump(A2)	C:/Users/Admin/Dropbox/College/Junior/Phage Hunters TA/fasta/phage/Heffalump.fasta
IronMan(A2)	C:/Users/Admin/Dropbox/College/Junior/Phage Hunters TA/fasta/phage/IronMan.fasta
Jerm(A2)	C:/Users/Admin/Dropbox/College/Junior/Phage Hunters TA/fasta/phage/Jerm.fasta
Jsquared(A2)	C:/Users/Admin/Dropbox/College/Junior/Phage Hunters TA/fasta/phage/Jsquared.fasta
L5(A2)	C:/Users/Admin/Dropbox/College/Junior/Phage Hunters TA/fasta/phage/L5.fasta
Larenn(A2)	C:/Users/Admin/Dropbox/College/Junior/Phage Hunters TA/fasta/phage/Larenn.fasta
Loser(A2)	C:/Users/Admin/Dropbox/College/Junior/Phage Hunters TA/fasta/phage/Loser.fasta
Odin(A2)	C:/Users/Admin/Dropbox/College/Junior/Phage Hunters TA/fasta/phage/Odin.fasta
Piro94(A2)	C:/Users/Admin/Dropbox/College/Junior/Phage Hunters TA/fasta/phage/Piro94.fasta
Power(A2)	C:/Users/Admin/Dropbox/College/Junior/Phage Hunters TA/fasta/phage/Power.fasta
Pukovnik(A2)	C:/Users/Admin/Dropbox/College/Junior/Phage Hunters TA/fasta/phage/Pukovnik.fasta
RedRock(A2)	C:/Users/Admin/Dropbox/College/Junior/Phage Hunters TA/fasta/phage/RedRock.fasta
SemperFi(A2)	C:/Users/Admin/Dropbox/College/Junior/Phage Hunters TA/fasta/phage/SemperFi.fasta
Serenity(A2)	C:/Users/Admin/Dropbox/College/Junior/Phage Hunters TA/fasta/phage/Serenity.fasta
SweetiePie(A2)	C:/Users/Admin/Dropbox/College/Junior/Phage Hunters TA/fasta/phage/SweetiePie.fasta
Trixie(A2)	C:/Users/Admin/Dropbox/College/Junior/Phage Hunters TA/fasta/phage/Trixie.fasta
Turbido(A2)	C:/Users/Admin/Dropbox/College/Junior/Phage Hunters TA/fasta/phage/Turbido.fasta
Whabigail7(A2)	C:/Users/Admin/Dropbox/College/Junior/Phage Hunters TA/fasta/phage/Whabigail7.fasta
