Alice(C1)	C:/Users/Admin/Dropbox/College/Junior/Phage Hunters TA/fasta/phage/Alice.fasta
ArcherS7(C1)	C:/Users/Admin/Dropbox/College/Junior/Phage Hunters TA/fasta/phage/ArcherS7.fasta
Astraea(C1)	C:/Users/Admin/Dropbox/College/Junior/Phage Hunters TA/fasta/phage/Astraea.fasta
Ava3(C1)	C:/Users/Admin/Dropbox/College/Junior/Phage Hunters TA/fasta/phage/Ava3.fasta
Bangla1971(C1)	C:/Users/Admin/Dropbox/College/Junior/Phage Hunters TA/fasta/phage/Bangla1971.fasta
BeanWater(C1)	C:/Users/Admin/Dropbox/College/Junior/Phage Hunters TA/fasta/phage/BeanWater.fasta
Breeniome(C1)	C:/Users/Admin/Dropbox/College/Junior/Phage Hunters TA/fasta/phage/Breeniome.fasta
Bxz1(C1)	C:/Users/Admin/Dropbox/College/Junior/Phage Hunters TA/fasta/phage/Bxz1.fasta
Cali(C1)	C:/Users/Admin/Dropbox/College/Junior/Phage Hunters TA/fasta/phage/Cali.fasta
Catera(C1)	C:/Users/Admin/Dropbox/College/Junior/Phage Hunters TA/fasta/phage/Catera.fasta
CharlieB(C1)	C:/Users/Admin/Dropbox/College/Junior/Phage Hunters TA/fasta/phage/CharlieB.fasta
Dandelion(C1)	C:/Users/Admin/Dropbox/College/Junior/Phage Hunters TA/fasta/phage/Dandelion.fasta
Delilah(C1)	C:/Users/Admin/Dropbox/College/Junior/Phage Hunters TA/fasta/phage/Delilah.fasta
Drazdys(C1)	C:/Users/Admin/Dropbox/College/Junior/Phage Hunters TA/fasta/phage/Drazdys.fasta
DTDevon(C1)	C:/Users/Admin/Dropbox/College/Junior/Phage Hunters TA/fasta/phage/DTDevon.fasta
EmToTheThree(C1)	C:/Users/Admin/Dropbox/College/Junior/Phage Hunters TA/fasta/phage/EmToTheThree.fasta
ErnieJ(C1)	C:/Users/Admin/Dropbox/College/Junior/Phage Hunters TA/fasta/phage/ErnieJ.fasta
ET08(C1)	C:/Users/Admin/Dropbox/College/Junior/Phage Hunters TA/fasta/phage/ET08.fasta
Ghost(C1)	C:/Users/Admin/Dropbox/College/Junior/Phage Hunters TA/fasta/phage/Ghost.fasta
Gizmo(C1)	C:/Users/Admin/Dropbox/College/Junior/Phage Hunters TA/fasta/phage/Gizmo.fasta
Koguma(C1)	C:/Users/Admin/Dropbox/College/Junior/Phage Hunters TA/fasta/phage/Koguma.fasta
LinStu(C1)	C:/Users/Admin/Dropbox/College/Junior/Phage Hunters TA/fasta/phage/LinStu.fasta
Littleton(C1)	C:/Users/Admin/Dropbox/College/Junior/Phage Hunters TA/fasta/phage/Littleton.fasta
LRRHood(C1)	C:/Users/Admin/Dropbox/College/Junior/Phage Hunters TA/fasta/phage/LRRHood.fasta
MoMoMixon(C1)	C:/Users/Admin/Dropbox/College/Junior/Phage Hunters TA/fasta/phage/MoMoMixon.fasta
Nappy(C1)	C:/Users/Admin/Dropbox/College/Junior/Phage Hunters TA/fasta/phage/Nappy.fasta
NuevoMundo(C1)	C:/Users/Admin/Dropbox/College/Junior/Phage Hunters TA/fasta/phage/NuevoMundo.fasta
Pier(C1)	C:/Users/Admin/Dropbox/College/Junior/Phage Hunters TA/fasta/phage/Pier.fasta
Pio(C1)	C:/Users/Admin/Dropbox/College/Junior/Phage Hunters TA/fasta/phage/Pio.fasta
Pleione(C1)	C:/Users/Admin/Dropbox/College/Junior/Phage Hunters TA/fasta/phage/Pleione.fasta
QBert(C1)	C:/Users/Admin/Dropbox/College/Junior/Phage Hunters TA/fasta/phage/QBert.fasta
Rizal(C1)	C:/Users/Admin/Dropbox/College/Junior/Phage Hunters TA/fasta/phage/Rizal.fasta
ScottMcG(C1)	C:/Users/Admin/Dropbox/College/Junior/Phage Hunters TA/fasta/phage/ScottMcG.fasta
Sebata(C1)	C:/Users/Admin/Dropbox/College/Junior/Phage Hunters TA/fasta/phage/Sebata.fasta
Shrimp(C1)	C:/Users/Admin/Dropbox/College/Junior/Phage Hunters TA/fasta/phage/Shrimp.fasta
SmallFry(C1)	C:/Users/Admin/Dropbox/College/Junior/Phage Hunters TA/fasta/phage/SmallFry.fasta
Spud(C1)	C:/Users/Admin/Dropbox/College/Junior/Phage Hunters TA/fasta/phage/Spud.fasta
Teardrop(C1)	C:/Users/Admin/Dropbox/College/Junior/Phage Hunters TA/fasta/phage/Teardrop.fasta
TinyTim(C1)	C:/Users/Admin/Dropbox/College/Junior/Phage Hunters TA/fasta/phage/TinyTim.fasta
Tortoise16(C1)	C:/Users/Admin/Dropbox/College/Junior/Phage Hunters TA/fasta/phage/Tortoise16.fasta
Tyke(C1)	C:/Users/Admin/Dropbox/College/Junior/Phage Hunters TA/fasta/phage/Tyke.fasta
Wally(C1)	C:/Users/Admin/Dropbox/College/Junior/Phage Hunters TA/fasta/phage/Wally.fasta
Willis(C1)	C:/Users/Admin/Dropbox/College/Junior/Phage Hunters TA/fasta/phage/Willis.fasta
Zeenon(C1)	C:/Users/Admin/Dropbox/College/Junior/Phage Hunters TA/fasta/phage/Zeenon.fasta
ZygoTaiga(C1)	C:/Users/Admin/Dropbox/College/Junior/Phage Hunters TA/fasta/phage/ZygoTaiga.fasta
