ABU(B1)	C:/Users/Admin/Dropbox/College/Junior/Phage Hunters TA/fasta/phage/ABU.fasta
Altwerkus(B1)	C:/Users/Admin/Dropbox/College/Junior/Phage Hunters TA/fasta/phage/Altwerkus.fasta
Apizium(B1)	C:/Users/Admin/Dropbox/College/Junior/Phage Hunters TA/fasta/phage/Apizium.fasta
Badfish(B1)	C:/Users/Admin/Dropbox/College/Junior/Phage Hunters TA/fasta/phage/Badfish.fasta
Banjo(B1)	C:/Users/Admin/Dropbox/College/Junior/Phage Hunters TA/fasta/phage/Banjo.fasta
BlackStallion(B1)	C:/Users/Admin/Dropbox/College/Junior/Phage Hunters TA/fasta/phage/BlackStallion.fasta
Chah(B1)	C:/Users/Admin/Dropbox/College/Junior/Phage Hunters TA/fasta/phage/Chah.fasta
Chorkpop(B1)	C:/Users/Admin/Dropbox/College/Junior/Phage Hunters TA/fasta/phage/Chorkpop.fasta
Chunky(B1)	C:/Users/Admin/Dropbox/College/Junior/Phage Hunters TA/fasta/phage/Chunky.fasta
Colbert(B1)	C:/Users/Admin/Dropbox/College/Junior/Phage Hunters TA/fasta/phage/Colbert.fasta
Crownjwl(B1)	C:/Users/Admin/Dropbox/College/Junior/Phage Hunters TA/fasta/phage/Crownjwl.fasta
Daffy(B1)	C:/Users/Admin/Dropbox/College/Junior/Phage Hunters TA/fasta/phage/Daffy.fasta
DonSanchon(B1)	C:/Users/Admin/Dropbox/College/Junior/Phage Hunters TA/fasta/phage/DonSanchon.fasta
EmpTee(B1)	C:/Users/Admin/Dropbox/College/Junior/Phage Hunters TA/fasta/phage/EmpTee.fasta
Eremos(B1)	C:/Users/Admin/Dropbox/College/Junior/Phage Hunters TA/fasta/phage/Eremos.fasta
Fang(B1)	C:/Users/Admin/Dropbox/College/Junior/Phage Hunters TA/fasta/phage/Fang.fasta
FluffyNinja(B1)	C:/Users/Admin/Dropbox/College/Junior/Phage Hunters TA/fasta/phage/FluffyNinja.fasta
FriarPreacher(B1)	C:/Users/Admin/Dropbox/College/Junior/Phage Hunters TA/fasta/phage/FriarPreacher.fasta
Gyarad(B1)	C:/Users/Admin/Dropbox/College/Junior/Phage Hunters TA/fasta/phage/Gyarad.fasta
Harvey(B1)	C:/Users/Admin/Dropbox/College/Junior/Phage Hunters TA/fasta/phage/Harvey.fasta
Held(B1)	C:/Users/Admin/Dropbox/College/Junior/Phage Hunters TA/fasta/phage/Held.fasta
Hertubise(B1)	C:/Users/Admin/Dropbox/College/Junior/Phage Hunters TA/fasta/phage/Hertubise.fasta
Hetaeria(B1)	C:/Users/Admin/Dropbox/College/Junior/Phage Hunters TA/fasta/phage/Hetaeria.fasta
IsaacEli(B1)	C:/Users/Admin/Dropbox/College/Junior/Phage Hunters TA/fasta/phage/IsaacEli.fasta
JacAttac(B1)	C:/Users/Admin/Dropbox/College/Junior/Phage Hunters TA/fasta/phage/JacAttac.fasta
Kikipoo(B1)	C:/Users/Admin/Dropbox/College/Junior/Phage Hunters TA/fasta/phage/Kikipoo.fasta
KingVeVeVe(B1)	C:/Users/Admin/Dropbox/College/Junior/Phage Hunters TA/fasta/phage/KingVeVeVe.fasta
Kloppinator(B1)	C:/Users/Admin/Dropbox/College/Junior/Phage Hunters TA/fasta/phage/Kloppinator.fasta
KLucky39(B1)	C:/Users/Admin/Dropbox/College/Junior/Phage Hunters TA/fasta/phage/KLucky39.fasta
Lasso(B1)	C:/Users/Admin/Dropbox/College/Junior/Phage Hunters TA/fasta/phage/Lasso.fasta
LeeLot(B1)	C:/Users/Admin/Dropbox/College/Junior/Phage Hunters TA/fasta/phage/LeeLot.fasta
Lego3393(B1)	C:/Users/Admin/Dropbox/College/Junior/Phage Hunters TA/fasta/phage/Lego3393.fasta
LemonSlice(B1)	C:/Users/Admin/Dropbox/College/Junior/Phage Hunters TA/fasta/phage/LemonSlice.fasta
Mana(B1)	C:/Users/Admin/Dropbox/College/Junior/Phage Hunters TA/fasta/phage/Mana.fasta
Manad(B1)	C:/Users/Admin/Dropbox/College/Junior/Phage Hunters TA/fasta/phage/Manad.fasta
Megatron(B1)	C:/Users/Admin/Dropbox/College/Junior/Phage Hunters TA/fasta/phage/Megatron.fasta
MitKao(B1)	C:/Users/Admin/Dropbox/College/Junior/Phage Hunters TA/fasta/phage/MitKao.fasta
Morgushi(B1)	C:/Users/Admin/Dropbox/College/Junior/Phage Hunters TA/fasta/phage/Morgushi.fasta
Morty(B1)	C:/Users/Admin/Dropbox/College/Junior/Phage Hunters TA/fasta/phage/Morty.fasta
Mosaic(B1)	C:/Users/Admin/Dropbox/College/Junior/Phage Hunters TA/fasta/phage/Mosaic.fasta
MRabcd(B1)	C:/Users/Admin/Dropbox/College/Junior/Phage Hunters TA/fasta/phage/MRabcd.fasta
Murdoc(B1)	C:/Users/Admin/Dropbox/College/Junior/Phage Hunters TA/fasta/phage/Murdoc.fasta
Nacho(B1)	C:/Users/Admin/Dropbox/College/Junior/Phage Hunters TA/fasta/phage/Nacho.fasta
Newman(B1)	C:/Users/Admin/Dropbox/College/Junior/Phage Hunters TA/fasta/phage/Newman.fasta
NumberTen(B1)	C:/Users/Admin/Dropbox/College/Junior/Phage Hunters TA/fasta/phage/NumberTen.fasta
Oline(B1)	C:/Users/Admin/Dropbox/College/Junior/Phage Hunters TA/fasta/phage/Oline.fasta
OliverWalter(B1)	C:/Users/Admin/Dropbox/College/Junior/Phage Hunters TA/fasta/phage/OliverWalter.fasta
Oosterbaan(B1)	C:/Users/Admin/Dropbox/College/Junior/Phage Hunters TA/fasta/phage/Oosterbaan.fasta
Orion(B1)	C:/Users/Admin/Dropbox/College/Junior/Phage Hunters TA/fasta/phage/Orion.fasta
OSmaximus(B1)	C:/Users/Admin/Dropbox/College/Junior/Phage Hunters TA/fasta/phage/OSmaximus.fasta
PG1(B1)	C:/Users/Admin/Dropbox/College/Junior/Phage Hunters TA/fasta/phage/PG1.fasta
Phipps(B1)	C:/Users/Admin/Dropbox/College/Junior/Phage Hunters TA/fasta/phage/Phipps.fasta
Piglet(B1)	C:/Users/Admin/Dropbox/College/Junior/Phage Hunters TA/fasta/phage/Piglet.fasta
Pipsqueak(B1)	C:/Users/Admin/Dropbox/College/Junior/Phage Hunters TA/fasta/phage/Pipsqueak.fasta
Puhltonio(B1)	C:/Users/Admin/Dropbox/College/Junior/Phage Hunters TA/fasta/phage/Puhltonio.fasta
Roscoe(B1)	C:/Users/Admin/Dropbox/College/Junior/Phage Hunters TA/fasta/phage/Roscoe.fasta
Scoot17C(B1)	C:/Users/Admin/Dropbox/College/Junior/Phage Hunters TA/fasta/phage/Scoot17C.fasta
SDcharge11(B1)	C:/Users/Admin/Dropbox/College/Junior/Phage Hunters TA/fasta/phage/SDcharge11.fasta
Serendipity(B1)	C:/Users/Admin/Dropbox/College/Junior/Phage Hunters TA/fasta/phage/Serendipity.fasta
Serpentine(B1)	C:/Users/Admin/Dropbox/College/Junior/Phage Hunters TA/fasta/phage/Serpentine.fasta
ShiVal(B1)	C:/Users/Admin/Dropbox/College/Junior/Phage Hunters TA/fasta/phage/ShiVal.fasta
Sigman(B1)	C:/Users/Admin/Dropbox/College/Junior/Phage Hunters TA/fasta/phage/Sigman.fasta
Sophia(B1)	C:/Users/Admin/Dropbox/College/Junior/Phage Hunters TA/fasta/phage/Sophia.fasta
Soto(B1)	C:/Users/Admin/Dropbox/College/Junior/Phage Hunters TA/fasta/phage/Soto.fasta
Spartan300(B1)	C:/Users/Admin/Dropbox/College/Junior/Phage Hunters TA/fasta/phage/Spartan300.fasta
Squid(B1)	C:/Users/Admin/Dropbox/College/Junior/Phage Hunters TA/fasta/phage/Squid.fasta
Suffolk(B1)	C:/Users/Admin/Dropbox/College/Junior/Phage Hunters TA/fasta/phage/Suffolk.fasta
Swish(B1)	C:/Users/Admin/Dropbox/College/Junior/Phage Hunters TA/fasta/phage/Swish.fasta
TallGrassMM(B1)	C:/Users/Admin/Dropbox/College/Junior/Phage Hunters TA/fasta/phage/TallGrassMM.fasta
Thora(B1)	C:/Users/Admin/Dropbox/College/Junior/Phage Hunters TA/fasta/phage/Thora.fasta
ThreeOh3D2(B1)	C:/Users/Admin/Dropbox/College/Junior/Phage Hunters TA/fasta/phage/ThreeOh3D2.fasta
Trypo(B1)	C:/Users/Admin/Dropbox/College/Junior/Phage Hunters TA/fasta/phage/Trypo.fasta
UncleHowie(B1)	C:/Users/Admin/Dropbox/College/Junior/Phage Hunters TA/fasta/phage/UncleHowie.fasta
Vista(B1)	C:/Users/Admin/Dropbox/College/Junior/Phage Hunters TA/fasta/phage/Vista.fasta
Vivaldi(B1)	C:/Users/Admin/Dropbox/College/Junior/Phage Hunters TA/fasta/phage/Vivaldi.fasta
Vortex(B1)	C:/Users/Admin/Dropbox/College/Junior/Phage Hunters TA/fasta/phage/Vortex.fasta
Waterdiva(B1)	C:/Users/Admin/Dropbox/College/Junior/Phage Hunters TA/fasta/phage/Waterdiva.fasta
Xavier(B1)	C:/Users/Admin/Dropbox/College/Junior/Phage Hunters TA/fasta/phage/Xavier.fasta
Yoshand(B1)	C:/Users/Admin/Dropbox/College/Junior/Phage Hunters TA/fasta/phage/Yoshand.fasta
YouGoGlencoco(B1)	C:/Users/Admin/Dropbox/College/Junior/Phage Hunters TA/fasta/phage/YouGoGlencoco.fasta
Zelda(B1)	C:/Users/Admin/Dropbox/College/Junior/Phage Hunters TA/fasta/phage/Zelda.fasta
Zonia(B1)	C:/Users/Admin/Dropbox/College/Junior/Phage Hunters TA/fasta/phage/Zonia.fasta
