Abdiel(A4)	C:/Users/Admin/Dropbox/College/Junior/Phage Hunters TA/fasta/phage/Abdiel.fasta
Achebe(A4)	C:/Users/Admin/Dropbox/College/Junior/Phage Hunters TA/fasta/phage/Achebe.fasta
Arturo(A4)	C:/Users/Admin/Dropbox/College/Junior/Phage Hunters TA/fasta/phage/Arturo.fasta
Backyardigan(A4)	C:/Users/Admin/Dropbox/College/Junior/Phage Hunters TA/fasta/phage/Backyardigan.fasta
BellusTerra(A4)	C:/Users/Admin/Dropbox/College/Junior/Phage Hunters TA/fasta/phage/BellusTerra.fasta
Broseidon(A4)	C:/Users/Admin/Dropbox/College/Junior/Phage Hunters TA/fasta/phage/Broseidon.fasta
Bruiser(A4)	C:/Users/Admin/Dropbox/College/Junior/Phage Hunters TA/fasta/phage/Bruiser.fasta
BubbleTrouble(A4)	C:/Users/Admin/Dropbox/College/Junior/Phage Hunters TA/fasta/phage/BubbleTrouble.fasta
Burger(A4)	C:/Users/Admin/Dropbox/College/Junior/Phage Hunters TA/fasta/phage/Burger.fasta
Caelakin(A4)	C:/Users/Admin/Dropbox/College/Junior/Phage Hunters TA/fasta/phage/Caelakin.fasta
Camperdownii(A4)	C:/Users/Admin/Dropbox/College/Junior/Phage Hunters TA/fasta/phage/Camperdownii.fasta
Clarenza(A4)	C:/Users/Admin/Dropbox/College/Junior/Phage Hunters TA/fasta/phage/Clarenza.fasta
Dhanush(A4)	C:/Users/Admin/Dropbox/College/Junior/Phage Hunters TA/fasta/phage/Dhanush.fasta
Eagle(A4)	C:/Users/Admin/Dropbox/College/Junior/Phage Hunters TA/fasta/phage/Eagle.fasta
Eris(A4)	C:/Users/Admin/Dropbox/College/Junior/Phage Hunters TA/fasta/phage/Eris.fasta
Flux(A4)	C:/Users/Admin/Dropbox/College/Junior/Phage Hunters TA/fasta/phage/Flux.fasta
Funston(A4)	C:/Users/Admin/Dropbox/College/Junior/Phage Hunters TA/fasta/phage/Funston.fasta
Gadost(A4)	C:/Users/Admin/Dropbox/College/Junior/Phage Hunters TA/fasta/phage/Gadost.fasta
HamSlice(A4)	C:/Users/Admin/Dropbox/College/Junior/Phage Hunters TA/fasta/phage/HamSlice.fasta
Holli(A4)	C:/Users/Admin/Dropbox/College/Junior/Phage Hunters TA/fasta/phage/Holli.fasta
ICleared(A4)	C:/Users/Admin/Dropbox/College/Junior/Phage Hunters TA/fasta/phage/ICleared.fasta
JoongJeon(A4)	C:/Users/Admin/Dropbox/College/Junior/Phage Hunters TA/fasta/phage/JoongJeon.fasta
Kampy(A4)	C:/Users/Admin/Dropbox/College/Junior/Phage Hunters TA/fasta/phage/Kampy.fasta
KFPoly(A4)	C:/Users/Admin/Dropbox/College/Junior/Phage Hunters TA/fasta/phage/KFPoly.fasta
Kratark(A4)	C:/Users/Admin/Dropbox/College/Junior/Phage Hunters TA/fasta/phage/Kratark.fasta
Lemur(A4)	C:/Users/Admin/Dropbox/College/Junior/Phage Hunters TA/fasta/phage/Lemur.fasta
LHTSCC(A4)	C:/Users/Admin/Dropbox/College/Junior/Phage Hunters TA/fasta/phage/LHTSCC.fasta
LittleGuy(A4)	C:/Users/Admin/Dropbox/College/Junior/Phage Hunters TA/fasta/phage/LittleGuy.fasta
Maverick(A4)	C:/Users/Admin/Dropbox/College/Junior/Phage Hunters TA/fasta/phage/Maverick.fasta
Medusa(A4)	C:/Users/Admin/Dropbox/College/Junior/Phage Hunters TA/fasta/phage/Medusa.fasta
MeeZee(A4)	C:/Users/Admin/Dropbox/College/Junior/Phage Hunters TA/fasta/phage/MeeZee.fasta
Melvin(A4)	C:/Users/Admin/Dropbox/College/Junior/Phage Hunters TA/fasta/phage/Melvin.fasta
Millski(A4)	C:/Users/Admin/Dropbox/College/Junior/Phage Hunters TA/fasta/phage/Millski.fasta
Morpher26(A4)	C:/Users/Admin/Dropbox/College/Junior/Phage Hunters TA/fasta/phage/Morpher26.fasta
Mundrea(A4)	C:/Users/Admin/Dropbox/College/Junior/Phage Hunters TA/fasta/phage/Mundrea.fasta
Nyxis(A4)	C:/Users/Admin/Dropbox/College/Junior/Phage Hunters TA/fasta/phage/Nyxis.fasta
Obama12(A4)	C:/Users/Admin/Dropbox/College/Junior/Phage Hunters TA/fasta/phage/Obama12.fasta
Palestino(A4)	C:/Users/Admin/Dropbox/College/Junior/Phage Hunters TA/fasta/phage/Palestino.fasta
Peaches(A4)	C:/Users/Admin/Dropbox/College/Junior/Phage Hunters TA/fasta/phage/Peaches.fasta
Phacado(A4)	C:/Users/Admin/Dropbox/College/Junior/Phage Hunters TA/fasta/phage/Phacado.fasta
Phighter1804(A4)	C:/Users/Admin/Dropbox/College/Junior/Phage Hunters TA/fasta/phage/Phighter1804.fasta
Pipcraft(A4)	C:/Users/Admin/Dropbox/College/Junior/Phage Hunters TA/fasta/phage/Pipcraft.fasta
Sabertooth(A4)	C:/Users/Admin/Dropbox/College/Junior/Phage Hunters TA/fasta/phage/Sabertooth.fasta
Shaka(A4)	C:/Users/Admin/Dropbox/College/Junior/Phage Hunters TA/fasta/phage/Shaka.fasta
Thanksgivukkah(A4)	C:/Users/Admin/Dropbox/College/Junior/Phage Hunters TA/fasta/phage/Thanksgivukkah.fasta
TinaFeyge(A4)	C:/Users/Admin/Dropbox/College/Junior/Phage Hunters TA/fasta/phage/TinaFeyge.fasta
TiroTheta9(A4)	C:/Users/Admin/Dropbox/College/Junior/Phage Hunters TA/fasta/phage/TiroTheta9.fasta
TygerBlood(A4)	C:/Users/Admin/Dropbox/College/Junior/Phage Hunters TA/fasta/phage/TygerBlood.fasta
Wander(A4)	C:/Users/Admin/Dropbox/College/Junior/Phage Hunters TA/fasta/phage/Wander.fasta
Wile(A4)	C:/Users/Admin/Dropbox/College/Junior/Phage Hunters TA/fasta/phage/Wile.fasta
