ABU(B1)	/users/bsiranos/projects/phage_fasta/ABU.fasta
Altwerkus(B1)	/users/bsiranos/projects/phage_fasta/Altwerkus.fasta
Apizium(B1)	/users/bsiranos/projects/phage_fasta/Apizium.fasta
Badfish(B1)	/users/bsiranos/projects/phage_fasta/Badfish.fasta
Banjo(B1)	/users/bsiranos/projects/phage_fasta/Banjo.fasta
BlackStallion(B1)	/users/bsiranos/projects/phage_fasta/BlackStallion.fasta
Chah(B1)	/users/bsiranos/projects/phage_fasta/Chah.fasta
Chorkpop(B1)	/users/bsiranos/projects/phage_fasta/Chorkpop.fasta
Chunky(B1)	/users/bsiranos/projects/phage_fasta/Chunky.fasta
Colbert(B1)	/users/bsiranos/projects/phage_fasta/Colbert.fasta
Crownjwl(B1)	/users/bsiranos/projects/phage_fasta/Crownjwl.fasta
Daffy(B1)	/users/bsiranos/projects/phage_fasta/Daffy.fasta
DonSanchon(B1)	/users/bsiranos/projects/phage_fasta/DonSanchon.fasta
EmpTee(B1)	/users/bsiranos/projects/phage_fasta/EmpTee.fasta
Eremos(B1)	/users/bsiranos/projects/phage_fasta/Eremos.fasta
Fang(B1)	/users/bsiranos/projects/phage_fasta/Fang.fasta
FluffyNinja(B1)	/users/bsiranos/projects/phage_fasta/FluffyNinja.fasta
FriarPreacher(B1)	/users/bsiranos/projects/phage_fasta/FriarPreacher.fasta
Gyarad(B1)	/users/bsiranos/projects/phage_fasta/Gyarad.fasta
Harvey(B1)	/users/bsiranos/projects/phage_fasta/Harvey.fasta
Held(B1)	/users/bsiranos/projects/phage_fasta/Held.fasta
Hertubise(B1)	/users/bsiranos/projects/phage_fasta/Hertubise.fasta
Hetaeria(B1)	/users/bsiranos/projects/phage_fasta/Hetaeria.fasta
IsaacEli(B1)	/users/bsiranos/projects/phage_fasta/IsaacEli.fasta
JacAttac(B1)	/users/bsiranos/projects/phage_fasta/JacAttac.fasta
Kikipoo(B1)	/users/bsiranos/projects/phage_fasta/Kikipoo.fasta
KingVeVeVe(B1)	/users/bsiranos/projects/phage_fasta/KingVeVeVe.fasta
Kloppinator(B1)	/users/bsiranos/projects/phage_fasta/Kloppinator.fasta
KLucky39(B1)	/users/bsiranos/projects/phage_fasta/KLucky39.fasta
Lasso(B1)	/users/bsiranos/projects/phage_fasta/Lasso.fasta
LeeLot(B1)	/users/bsiranos/projects/phage_fasta/LeeLot.fasta
Lego3393(B1)	/users/bsiranos/projects/phage_fasta/Lego3393.fasta
LemonSlice(B1)	/users/bsiranos/projects/phage_fasta/LemonSlice.fasta
Mana(B1)	/users/bsiranos/projects/phage_fasta/Mana.fasta
Manad(B1)	/users/bsiranos/projects/phage_fasta/Manad.fasta
Megatron(B1)	/users/bsiranos/projects/phage_fasta/Megatron.fasta
MitKao(B1)	/users/bsiranos/projects/phage_fasta/MitKao.fasta
Morgushi(B1)	/users/bsiranos/projects/phage_fasta/Morgushi.fasta
Morty(B1)	/users/bsiranos/projects/phage_fasta/Morty.fasta
Mosaic(B1)	/users/bsiranos/projects/phage_fasta/Mosaic.fasta
MRabcd(B1)	/users/bsiranos/projects/phage_fasta/MRabcd.fasta
Murdoc(B1)	/users/bsiranos/projects/phage_fasta/Murdoc.fasta
Nacho(B1)	/users/bsiranos/projects/phage_fasta/Nacho.fasta
Newman(B1)	/users/bsiranos/projects/phage_fasta/Newman.fasta
NumberTen(B1)	/users/bsiranos/projects/phage_fasta/NumberTen.fasta
Oline(B1)	/users/bsiranos/projects/phage_fasta/Oline.fasta
OliverWalter(B1)	/users/bsiranos/projects/phage_fasta/OliverWalter.fasta
Oosterbaan(B1)	/users/bsiranos/projects/phage_fasta/Oosterbaan.fasta
Orion(B1)	/users/bsiranos/projects/phage_fasta/Orion.fasta
OSmaximus(B1)	/users/bsiranos/projects/phage_fasta/OSmaximus.fasta
PG1(B1)	/users/bsiranos/projects/phage_fasta/PG1.fasta
Phipps(B1)	/users/bsiranos/projects/phage_fasta/Phipps.fasta
Piglet(B1)	/users/bsiranos/projects/phage_fasta/Piglet.fasta
Pipsqueak(B1)	/users/bsiranos/projects/phage_fasta/Pipsqueak.fasta
Puhltonio(B1)	/users/bsiranos/projects/phage_fasta/Puhltonio.fasta
Roscoe(B1)	/users/bsiranos/projects/phage_fasta/Roscoe.fasta
Scoot17C(B1)	/users/bsiranos/projects/phage_fasta/Scoot17C.fasta
SDcharge11(B1)	/users/bsiranos/projects/phage_fasta/SDcharge11.fasta
Serendipity(B1)	/users/bsiranos/projects/phage_fasta/Serendipity.fasta
Serpentine(B1)	/users/bsiranos/projects/phage_fasta/Serpentine.fasta
ShiVal(B1)	/users/bsiranos/projects/phage_fasta/ShiVal.fasta
Sigman(B1)	/users/bsiranos/projects/phage_fasta/Sigman.fasta
Sophia(B1)	/users/bsiranos/projects/phage_fasta/Sophia.fasta
Soto(B1)	/users/bsiranos/projects/phage_fasta/Soto.fasta
Spartan300(B1)	/users/bsiranos/projects/phage_fasta/Spartan300.fasta
Squid(B1)	/users/bsiranos/projects/phage_fasta/Squid.fasta
Suffolk(B1)	/users/bsiranos/projects/phage_fasta/Suffolk.fasta
Swish(B1)	/users/bsiranos/projects/phage_fasta/Swish.fasta
TallGrassMM(B1)	/users/bsiranos/projects/phage_fasta/TallGrassMM.fasta
Thora(B1)	/users/bsiranos/projects/phage_fasta/Thora.fasta
ThreeOh3D2(B1)	/users/bsiranos/projects/phage_fasta/ThreeOh3D2.fasta
Trypo(B1)	/users/bsiranos/projects/phage_fasta/Trypo.fasta
UncleHowie(B1)	/users/bsiranos/projects/phage_fasta/UncleHowie.fasta
Vista(B1)	/users/bsiranos/projects/phage_fasta/Vista.fasta
Vivaldi(B1)	/users/bsiranos/projects/phage_fasta/Vivaldi.fasta
Vortex(B1)	/users/bsiranos/projects/phage_fasta/Vortex.fasta
Waterdiva(B1)	/users/bsiranos/projects/phage_fasta/Waterdiva.fasta
Xavier(B1)	/users/bsiranos/projects/phage_fasta/Xavier.fasta
Yoshand(B1)	/users/bsiranos/projects/phage_fasta/Yoshand.fasta
YouGoGlencoco(B1)	/users/bsiranos/projects/phage_fasta/YouGoGlencoco.fasta
Zelda(B1)	/users/bsiranos/projects/phage_fasta/Zelda.fasta
Zonia(B1)	/users/bsiranos/projects/phage_fasta/Zonia.fasta
