Abdiel(A4)	/users/bsiranos/projects/phage_fasta/Abdiel.fasta
Achebe(A4)	/users/bsiranos/projects/phage_fasta/Achebe.fasta
Arturo(A4)	/users/bsiranos/projects/phage_fasta/Arturo.fasta
Backyardigan(A4)	/users/bsiranos/projects/phage_fasta/Backyardigan.fasta
BellusTerra(A4)	/users/bsiranos/projects/phage_fasta/BellusTerra.fasta
Broseidon(A4)	/users/bsiranos/projects/phage_fasta/Broseidon.fasta
Bruiser(A4)	/users/bsiranos/projects/phage_fasta/Bruiser.fasta
BubbleTrouble(A4)	/users/bsiranos/projects/phage_fasta/BubbleTrouble.fasta
Burger(A4)	/users/bsiranos/projects/phage_fasta/Burger.fasta
Caelakin(A4)	/users/bsiranos/projects/phage_fasta/Caelakin.fasta
Camperdownii(A4)	/users/bsiranos/projects/phage_fasta/Camperdownii.fasta
Clarenza(A4)	/users/bsiranos/projects/phage_fasta/Clarenza.fasta
Dhanush(A4)	/users/bsiranos/projects/phage_fasta/Dhanush.fasta
Eagle(A4)	/users/bsiranos/projects/phage_fasta/Eagle.fasta
Eris(A4)	/users/bsiranos/projects/phage_fasta/Eris.fasta
Flux(A4)	/users/bsiranos/projects/phage_fasta/Flux.fasta
Funston(A4)	/users/bsiranos/projects/phage_fasta/Funston.fasta
Gadost(A4)	/users/bsiranos/projects/phage_fasta/Gadost.fasta
HamSlice(A4)	/users/bsiranos/projects/phage_fasta/HamSlice.fasta
Holli(A4)	/users/bsiranos/projects/phage_fasta/Holli.fasta
ICleared(A4)	/users/bsiranos/projects/phage_fasta/ICleared.fasta
JoongJeon(A4)	/users/bsiranos/projects/phage_fasta/JoongJeon.fasta
Kampy(A4)	/users/bsiranos/projects/phage_fasta/Kampy.fasta
KFPoly(A4)	/users/bsiranos/projects/phage_fasta/KFPoly.fasta
Kratark(A4)	/users/bsiranos/projects/phage_fasta/Kratark.fasta
Lemur(A4)	/users/bsiranos/projects/phage_fasta/Lemur.fasta
LHTSCC(A4)	/users/bsiranos/projects/phage_fasta/LHTSCC.fasta
LittleGuy(A4)	/users/bsiranos/projects/phage_fasta/LittleGuy.fasta
Maverick(A4)	/users/bsiranos/projects/phage_fasta/Maverick.fasta
Medusa(A4)	/users/bsiranos/projects/phage_fasta/Medusa.fasta
MeeZee(A4)	/users/bsiranos/projects/phage_fasta/MeeZee.fasta
Melvin(A4)	/users/bsiranos/projects/phage_fasta/Melvin.fasta
Millski(A4)	/users/bsiranos/projects/phage_fasta/Millski.fasta
Morpher26(A4)	/users/bsiranos/projects/phage_fasta/Morpher26.fasta
Mundrea(A4)	/users/bsiranos/projects/phage_fasta/Mundrea.fasta
Nyxis(A4)	/users/bsiranos/projects/phage_fasta/Nyxis.fasta
Obama12(A4)	/users/bsiranos/projects/phage_fasta/Obama12.fasta
Palestino(A4)	/users/bsiranos/projects/phage_fasta/Palestino.fasta
Peaches(A4)	/users/bsiranos/projects/phage_fasta/Peaches.fasta
Phacado(A4)	/users/bsiranos/projects/phage_fasta/Phacado.fasta
Phighter1804(A4)	/users/bsiranos/projects/phage_fasta/Phighter1804.fasta
Pipcraft(A4)	/users/bsiranos/projects/phage_fasta/Pipcraft.fasta
Sabertooth(A4)	/users/bsiranos/projects/phage_fasta/Sabertooth.fasta
Shaka(A4)	/users/bsiranos/projects/phage_fasta/Shaka.fasta
Thanksgivukkah(A4)	/users/bsiranos/projects/phage_fasta/Thanksgivukkah.fasta
TinaFeyge(A4)	/users/bsiranos/projects/phage_fasta/TinaFeyge.fasta
TiroTheta9(A4)	/users/bsiranos/projects/phage_fasta/TiroTheta9.fasta
TygerBlood(A4)	/users/bsiranos/projects/phage_fasta/TygerBlood.fasta
Wander(A4)	/users/bsiranos/projects/phage_fasta/Wander.fasta
Wile(A4)	/users/bsiranos/projects/phage_fasta/Wile.fasta
