Abrogate(A1)	/users/bsiranos/projects/phage_fasta/Abrogate.fasta
Aeneas(A1)	/users/bsiranos/projects/phage_fasta/Aeneas.fasta
Alsfro(A1)	/users/bsiranos/projects/phage_fasta/Alsfro.fasta
Anglerfish(A1)	/users/bsiranos/projects/phage_fasta/Anglerfish.fasta
AnnaL29(A1)	/users/bsiranos/projects/phage_fasta/AnnaL29.fasta
Arcanine(A1)	/users/bsiranos/projects/phage_fasta/Arcanine.fasta
BeesKnees(A1)	/users/bsiranos/projects/phage_fasta/BeesKnees.fasta
Bethlehem(A1)	/users/bsiranos/projects/phage_fasta/Bethlehem.fasta
BillKnuckles(A1)	/users/bsiranos/projects/phage_fasta/BillKnuckles.fasta
Bob3(A1)	/users/bsiranos/projects/phage_fasta/Bob3.fasta
BPBiebs31(A1)	/users/bsiranos/projects/phage_fasta/BPBiebs31.fasta
Bruns(A1)	/users/bsiranos/projects/phage_fasta/Bruns.fasta
Bxb1(A1)	/users/bsiranos/projects/phage_fasta/Bxb1.fasta
ConceptII(A1)	/users/bsiranos/projects/phage_fasta/ConceptII.fasta
Corvo(A1)	/users/bsiranos/projects/phage_fasta/Corvo.fasta
DD5(A1)	/users/bsiranos/projects/phage_fasta/DD5.fasta
Doom(A1)	/users/bsiranos/projects/phage_fasta/Doom.fasta
Dreamboat(A1)	/users/bsiranos/projects/phage_fasta/Dreamboat.fasta
Dynamix(A1)	/users/bsiranos/projects/phage_fasta/Dynamix.fasta
Edtherson(A1)	/users/bsiranos/projects/phage_fasta/Edtherson.fasta
Euphoria(A1)	/users/bsiranos/projects/phage_fasta/Euphoria.fasta
Fascinus(A1)	/users/bsiranos/projects/phage_fasta/Fascinus.fasta
Forsytheast(A1)	/users/bsiranos/projects/phage_fasta/Forsytheast.fasta
Fushigi(A1)	/users/bsiranos/projects/phage_fasta/Fushigi.fasta
GageAP(A1)	/users/bsiranos/projects/phage_fasta/GageAP.fasta
Graduation(A1)	/users/bsiranos/projects/phage_fasta/Graduation.fasta
HanShotFirst(A1)	/users/bsiranos/projects/phage_fasta/HanShotFirst.fasta
Hope4ever(A1)	/users/bsiranos/projects/phage_fasta/Hope4ever.fasta
Ichabod(A1)	/users/bsiranos/projects/phage_fasta/Ichabod.fasta
Jasper(A1)	/users/bsiranos/projects/phage_fasta/Jasper.fasta
JC27(A1)	/users/bsiranos/projects/phage_fasta/JC27.fasta
KBG(A1)	/users/bsiranos/projects/phage_fasta/KBG.fasta
KSSJEB(A1)	/users/bsiranos/projects/phage_fasta/KSSJEB.fasta
Kugel(A1)	/users/bsiranos/projects/phage_fasta/Kugel.fasta
Kykar(A1)	/users/bsiranos/projects/phage_fasta/Kykar.fasta
Lamina13(A1)	/users/bsiranos/projects/phage_fasta/Lamina13.fasta
Lesedi(A1)	/users/bsiranos/projects/phage_fasta/Lesedi.fasta
Lockley(A1)	/users/bsiranos/projects/phage_fasta/Lockley.fasta
Magnito(A1)	/users/bsiranos/projects/phage_fasta/Magnito.fasta
Manatee(A1)	/users/bsiranos/projects/phage_fasta/Manatee.fasta
Marcell(A1)	/users/bsiranos/projects/phage_fasta/Marcell.fasta
McGuire(A1)	/users/bsiranos/projects/phage_fasta/McGuire.fasta
MetalQZJ(A1)	/users/bsiranos/projects/phage_fasta/MetalQZJ.fasta
MPlant7149(A1)	/users/bsiranos/projects/phage_fasta/MPlant7149.fasta
MrGordo(A1)	/users/bsiranos/projects/phage_fasta/MrGordo.fasta
Museum(A1)	/users/bsiranos/projects/phage_fasta/Museum.fasta
Papez(A1)	/users/bsiranos/projects/phage_fasta/Papez.fasta
Pari(A1)	/users/bsiranos/projects/phage_fasta/Pari.fasta
PattyP(A1)	/users/bsiranos/projects/phage_fasta/PattyP.fasta
Pepe(A1)	/users/bsiranos/projects/phage_fasta/Pepe.fasta
Perseus(A1)	/users/bsiranos/projects/phage_fasta/Perseus.fasta
Petp2012(A1)	/users/bsiranos/projects/phage_fasta/Petp2012.fasta
PhrostyMug(A1)	/users/bsiranos/projects/phage_fasta/PhrostyMug.fasta
Pinto(A1)	/users/bsiranos/projects/phage_fasta/Pinto.fasta
RidgeCB(A1)	/users/bsiranos/projects/phage_fasta/RidgeCB.fasta
Ringer(A1)	/users/bsiranos/projects/phage_fasta/Ringer.fasta
Rufus(A1)	/users/bsiranos/projects/phage_fasta/Rufus.fasta
Ruotula(A1)	/users/bsiranos/projects/phage_fasta/Ruotula.fasta
Rutherferd(A1)	/users/bsiranos/projects/phage_fasta/Rutherferd.fasta
SarFire(A1)	/users/bsiranos/projects/phage_fasta/SarFire.fasta
Scowl(A1)	/users/bsiranos/projects/phage_fasta/Scowl.fasta
SeaBiscuit(A1)	/users/bsiranos/projects/phage_fasta/SeaBiscuit.fasta
SkiPole(A1)	/users/bsiranos/projects/phage_fasta/SkiPole.fasta
Smeagol(A1)	/users/bsiranos/projects/phage_fasta/Smeagol.fasta
Solon(A1)	/users/bsiranos/projects/phage_fasta/Solon.fasta
Switzer(A1)	/users/bsiranos/projects/phage_fasta/Switzer.fasta
Target(A1)	/users/bsiranos/projects/phage_fasta/Target.fasta
Thor(A1)	/users/bsiranos/projects/phage_fasta/Thor.fasta
Treddle(A1)	/users/bsiranos/projects/phage_fasta/Treddle.fasta
Tripl3t(A1)	/users/bsiranos/projects/phage_fasta/Tripl3t.fasta
Trouble(A1)	/users/bsiranos/projects/phage_fasta/Trouble.fasta
Turj99(A1)	/users/bsiranos/projects/phage_fasta/Turj99.fasta
U2(A1)	/users/bsiranos/projects/phage_fasta/U2.fasta
Violet(A1)	/users/bsiranos/projects/phage_fasta/Violet.fasta
Wheeler(A1)	/users/bsiranos/projects/phage_fasta/Wheeler.fasta
Zephyr(A1)	/users/bsiranos/projects/phage_fasta/Zephyr.fasta
Zeuska(A1)	/users/bsiranos/projects/phage_fasta/Zeuska.fasta
