Adzzy(A2)	/users/bsiranos/projects/phage_fasta/Adzzy.fasta
Bugsy(A2)	/users/bsiranos/projects/phage_fasta/Bugsy.fasta
Changeling(A2)	/users/bsiranos/projects/phage_fasta/Changeling.fasta
Che12(A2)	/users/bsiranos/projects/phage_fasta/Che12.fasta
ChipMunk(A2)	/users/bsiranos/projects/phage_fasta/ChipMunk.fasta
D29(A2)	/users/bsiranos/projects/phage_fasta/D29.fasta
EagleEye(A2)	/users/bsiranos/projects/phage_fasta/EagleEye.fasta
Echild(A2)	/users/bsiranos/projects/phage_fasta/Echild.fasta
Equemioh13(A2)	/users/bsiranos/projects/phage_fasta/Equemioh13.fasta
EvilGenius(A2)	/users/bsiranos/projects/phage_fasta/EvilGenius.fasta
Heffalump(A2)	/users/bsiranos/projects/phage_fasta/Heffalump.fasta
IronMan(A2)	/users/bsiranos/projects/phage_fasta/IronMan.fasta
Jerm(A2)	/users/bsiranos/projects/phage_fasta/Jerm.fasta
Jsquared(A2)	/users/bsiranos/projects/phage_fasta/Jsquared.fasta
L5(A2)	/users/bsiranos/projects/phage_fasta/L5.fasta
Larenn(A2)	/users/bsiranos/projects/phage_fasta/Larenn.fasta
Loser(A2)	/users/bsiranos/projects/phage_fasta/Loser.fasta
Odin(A2)	/users/bsiranos/projects/phage_fasta/Odin.fasta
Piro94(A2)	/users/bsiranos/projects/phage_fasta/Piro94.fasta
Power(A2)	/users/bsiranos/projects/phage_fasta/Power.fasta
Pukovnik(A2)	/users/bsiranos/projects/phage_fasta/Pukovnik.fasta
RedRock(A2)	/users/bsiranos/projects/phage_fasta/RedRock.fasta
SemperFi(A2)	/users/bsiranos/projects/phage_fasta/SemperFi.fasta
Serenity(A2)	/users/bsiranos/projects/phage_fasta/Serenity.fasta
SweetiePie(A2)	/users/bsiranos/projects/phage_fasta/SweetiePie.fasta
Trixie(A2)	/users/bsiranos/projects/phage_fasta/Trixie.fasta
Turbido(A2)	/users/bsiranos/projects/phage_fasta/Turbido.fasta
Whabigail7(A2)	/users/bsiranos/projects/phage_fasta/Whabigail7.fasta
