Alice(C1)	/users/bsiranos/projects/phage_fasta/Alice.fasta
ArcherS7(C1)	/users/bsiranos/projects/phage_fasta/ArcherS7.fasta
Astraea(C1)	/users/bsiranos/projects/phage_fasta/Astraea.fasta
Ava3(C1)	/users/bsiranos/projects/phage_fasta/Ava3.fasta
Bangla1971(C1)	/users/bsiranos/projects/phage_fasta/Bangla1971.fasta
BeanWater(C1)	/users/bsiranos/projects/phage_fasta/BeanWater.fasta
Breeniome(C1)	/users/bsiranos/projects/phage_fasta/Breeniome.fasta
Bxz1(C1)	/users/bsiranos/projects/phage_fasta/Bxz1.fasta
Cali(C1)	/users/bsiranos/projects/phage_fasta/Cali.fasta
Catera(C1)	/users/bsiranos/projects/phage_fasta/Catera.fasta
CharlieB(C1)	/users/bsiranos/projects/phage_fasta/CharlieB.fasta
Dandelion(C1)	/users/bsiranos/projects/phage_fasta/Dandelion.fasta
Delilah(C1)	/users/bsiranos/projects/phage_fasta/Delilah.fasta
Drazdys(C1)	/users/bsiranos/projects/phage_fasta/Drazdys.fasta
DTDevon(C1)	/users/bsiranos/projects/phage_fasta/DTDevon.fasta
EmToTheThree(C1)	/users/bsiranos/projects/phage_fasta/EmToTheThree.fasta
ErnieJ(C1)	/users/bsiranos/projects/phage_fasta/ErnieJ.fasta
ET08(C1)	/users/bsiranos/projects/phage_fasta/ET08.fasta
Ghost(C1)	/users/bsiranos/projects/phage_fasta/Ghost.fasta
Gizmo(C1)	/users/bsiranos/projects/phage_fasta/Gizmo.fasta
Koguma(C1)	/users/bsiranos/projects/phage_fasta/Koguma.fasta
LinStu(C1)	/users/bsiranos/projects/phage_fasta/LinStu.fasta
Littleton(C1)	/users/bsiranos/projects/phage_fasta/Littleton.fasta
LRRHood(C1)	/users/bsiranos/projects/phage_fasta/LRRHood.fasta
MoMoMixon(C1)	/users/bsiranos/projects/phage_fasta/MoMoMixon.fasta
Nappy(C1)	/users/bsiranos/projects/phage_fasta/Nappy.fasta
NuevoMundo(C1)	/users/bsiranos/projects/phage_fasta/NuevoMundo.fasta
Pier(C1)	/users/bsiranos/projects/phage_fasta/Pier.fasta
Pio(C1)	/users/bsiranos/projects/phage_fasta/Pio.fasta
Pleione(C1)	/users/bsiranos/projects/phage_fasta/Pleione.fasta
QBert(C1)	/users/bsiranos/projects/phage_fasta/QBert.fasta
Rizal(C1)	/users/bsiranos/projects/phage_fasta/Rizal.fasta
ScottMcG(C1)	/users/bsiranos/projects/phage_fasta/ScottMcG.fasta
Sebata(C1)	/users/bsiranos/projects/phage_fasta/Sebata.fasta
Shrimp(C1)	/users/bsiranos/projects/phage_fasta/Shrimp.fasta
SmallFry(C1)	/users/bsiranos/projects/phage_fasta/SmallFry.fasta
Spud(C1)	/users/bsiranos/projects/phage_fasta/Spud.fasta
Teardrop(C1)	/users/bsiranos/projects/phage_fasta/Teardrop.fasta
TinyTim(C1)	/users/bsiranos/projects/phage_fasta/TinyTim.fasta
Tortoise16(C1)	/users/bsiranos/projects/phage_fasta/Tortoise16.fasta
Tyke(C1)	/users/bsiranos/projects/phage_fasta/Tyke.fasta
Wally(C1)	/users/bsiranos/projects/phage_fasta/Wally.fasta
Willis(C1)	/users/bsiranos/projects/phage_fasta/Willis.fasta
Zeenon(C1)	/users/bsiranos/projects/phage_fasta/Zeenon.fasta
ZygoTaiga(C1)	/users/bsiranos/projects/phage_fasta/ZygoTaiga.fasta
