Ardmore(F1)	/users/bsiranos/projects/phage_fasta/Ardmore.fasta
Batiatus(F1)	/users/bsiranos/projects/phage_fasta/Batiatus.fasta
Bipolar(F1)	/users/bsiranos/projects/phage_fasta/Bipolar.fasta
Bobi(F1)	/users/bsiranos/projects/phage_fasta/Bobi.fasta
Boomer(F1)	/users/bsiranos/projects/phage_fasta/Boomer.fasta
Brocalys(F1)	/users/bsiranos/projects/phage_fasta/Brocalys.fasta
Bubbles123(F1)	/users/bsiranos/projects/phage_fasta/Bubbles123.fasta
BuzzLyseyear(F1)	/users/bsiranos/projects/phage_fasta/BuzzLyseyear.fasta
Cabrinians(F1)	/users/bsiranos/projects/phage_fasta/Cabrinians.fasta
CaptainTrips(F1)	/users/bsiranos/projects/phage_fasta/CaptainTrips.fasta
Cerasum(F1)	/users/bsiranos/projects/phage_fasta/Cerasum.fasta
Che8(F1)	/users/bsiranos/projects/phage_fasta/Che8.fasta
Daenerys(F1)	/users/bsiranos/projects/phage_fasta/Daenerys.fasta
Dante(F1)	/users/bsiranos/projects/phage_fasta/Dante.fasta
DeadP(F1)	/users/bsiranos/projects/phage_fasta/DeadP.fasta
DirtMcgirt(F1)	/users/bsiranos/projects/phage_fasta/DirtMcgirt.fasta
DLane(F1)	/users/bsiranos/projects/phage_fasta/DLane.fasta
Dorothy(F1)	/users/bsiranos/projects/phage_fasta/Dorothy.fasta
DotProduct(F1)	/users/bsiranos/projects/phage_fasta/DotProduct.fasta
Drago(F1)	/users/bsiranos/projects/phage_fasta/Drago.fasta
Empress(F1)	/users/bsiranos/projects/phage_fasta/Empress.fasta
Estave1(F1)	/users/bsiranos/projects/phage_fasta/Estave1.fasta
Fruitloop(F1)	/users/bsiranos/projects/phage_fasta/Fruitloop.fasta
Girr(F1)	/users/bsiranos/projects/phage_fasta/Girr.fasta
Gumbie(F1)	/users/bsiranos/projects/phage_fasta/Gumbie.fasta
Hades(F1)	/users/bsiranos/projects/phage_fasta/Hades.fasta
Hamulus(F1)	/users/bsiranos/projects/phage_fasta/Hamulus.fasta
Hegedechwinu(F1)	/users/bsiranos/projects/phage_fasta/Hegedechwinu.fasta
Ibhubesi(F1)	/users/bsiranos/projects/phage_fasta/Ibhubesi.fasta
Inventum(F1)	/users/bsiranos/projects/phage_fasta/Inventum.fasta
Job42(F1)	/users/bsiranos/projects/phage_fasta/Job42.fasta
Krakatau(F1)	/users/bsiranos/projects/phage_fasta/Krakatau.fasta
Llama(F1)	/users/bsiranos/projects/phage_fasta/Llama.fasta
Llij(F1)	/users/bsiranos/projects/phage_fasta/Llij.fasta
Mantra(F1)	/users/bsiranos/projects/phage_fasta/Mantra.fasta
MilleniumForce(F1)	/users/bsiranos/projects/phage_fasta/MilleniumForce.fasta
Minnie(F1)	/users/bsiranos/projects/phage_fasta/Minnie.fasta
MisterCuddles(F1)	/users/bsiranos/projects/phage_fasta/MisterCuddles.fasta
Mozy(F1)	/users/bsiranos/projects/phage_fasta/Mozy.fasta
Mutaforma13(F1)	/users/bsiranos/projects/phage_fasta/Mutaforma13.fasta
Ogopogo(F1)	/users/bsiranos/projects/phage_fasta/Ogopogo.fasta
Ovechkin(F1)	/users/bsiranos/projects/phage_fasta/Ovechkin.fasta
Pacc40(F1)	/users/bsiranos/projects/phage_fasta/Pacc40.fasta
Phatniss(F1)	/users/bsiranos/projects/phage_fasta/Phatniss.fasta
Pippy(F1)	/users/bsiranos/projects/phage_fasta/Pippy.fasta
PMC(F1)	/users/bsiranos/projects/phage_fasta/PMC.fasta
Ramsey(F1)	/users/bsiranos/projects/phage_fasta/Ramsey.fasta
RockyHorror(F1)	/users/bsiranos/projects/phage_fasta/RockyHorror.fasta
Ruby(F1)	/users/bsiranos/projects/phage_fasta/Ruby.fasta
Saal(F1)	/users/bsiranos/projects/phage_fasta/Saal.fasta
SG4(F1)	/users/bsiranos/projects/phage_fasta/SG4.fasta
Shauna1(F1)	/users/bsiranos/projects/phage_fasta/Shauna1.fasta
ShiLan(F1)	/users/bsiranos/projects/phage_fasta/ShiLan.fasta
SiSi(F1)	/users/bsiranos/projects/phage_fasta/SiSi.fasta
Spartacus(F1)	/users/bsiranos/projects/phage_fasta/Spartacus.fasta
Spoonbill(F1)	/users/bsiranos/projects/phage_fasta/Spoonbill.fasta
SuperGrey(F1)	/users/bsiranos/projects/phage_fasta/SuperGrey.fasta
Taj(F1)	/users/bsiranos/projects/phage_fasta/Taj.fasta
Tweety(F1)	/users/bsiranos/projects/phage_fasta/Tweety.fasta
Velveteen(F1)	/users/bsiranos/projects/phage_fasta/Velveteen.fasta
Wee(F1)	/users/bsiranos/projects/phage_fasta/Wee.fasta
