244-E,fasta\244.fasta
ABCat-E,fasta\ABCat.fasta
Abdiel-A4,fasta\Abdiel.fasta
Abrogate-A1,fasta\Abrogate.fasta
ABU-B1,fasta\ABU.fasta
Acadian-B5,fasta\Acadian.fasta
Achebe-A4,fasta\Achebe.fasta
Adephagia-K1,fasta\Adephagia.fasta
Adjutor-D1,fasta\Adjutor.fasta
Adzzy-A2,fasta\Adzzy.fasta
Aeneas-A1,fasta\Aeneas.fasta
Aglet-A3,fasta\Aglet.fasta
Airmid-A5,fasta\Airmid.fasta
Akoma-B3,fasta\Akoma.fasta
Alice-C1,fasta\Alice.fasta
Alma-A9,fasta\Alma.fasta
Alsfro-A1,fasta\Alsfro.fasta
Altwerkus-B1,fasta\Altwerkus.fasta
Alvin-A1,fasta\Alvin.fasta
Amelie-K1,fasta\Amelie.fasta
Anaya-K1,fasta\Anaya.fasta
Angel-G,fasta\Angel.fasta
Angelica-K1,fasta\Angelica.fasta
Anglerfish-A1,fasta\Anglerfish.fasta
AnnaL29-A1,fasta\AnnaL29.fasta
Annihilator-G,fasta\Annihilator.fasta
Apizium-B1,fasta\Apizium.fasta
Aragog-A5,fasta\Aragog.fasta
Arbiter-B2,fasta\Arbiter.fasta
Arcanine-A1,fasta\Arcanine.fasta
ArcherS7-C1,fasta\ArcherS7.fasta
Archetta-A5,fasta\Archetta.fasta
Archie-L2,fasta\Archie.fasta
Ardmore-F1,fasta\Ardmore.fasta
Ares-B2,fasta\Ares.fasta
Ariel-J,fasta\Ariel.fasta
Artemis2UCLA-A6,fasta\Artemis2UCLA.fasta
Arturo-A4,fasta\Arturo.fasta
Astraea-C1,fasta\Astraea.fasta
Astro-A8,fasta\Astro.fasta
Athena-B3,fasta\Athena.fasta
Audrey-B3,fasta\Audrey.fasta
Ava3-C1,fasta\Ava3.fasta
Avani-F2,fasta\Avani.fasta
Avrafan-G,fasta\Avrafan.fasta
Babsiella-I1,fasta\Babsiella.fasta
Bachome-A11,fasta\Bachome.fasta
Backyardigan-A4,fasta\Backyardigan.fasta
Badfish-B1,fasta\Badfish.fasta
BAKA-J,fasta\BAKA.fasta
Bangla1971-C1,fasta\Bangla1971.fasta
Banjo-B1,fasta\Banjo.fasta
Barnyard-H2,fasta\Barnyard.fasta
BarrelRoll-K1,fasta\BarrelRoll.fasta
Barriga-A1,fasta\Barriga.fasta
Bask21-E,fasta\Bask21.fasta
Batiatus-F1,fasta\Batiatus.fasta
BeanWater-C1,fasta\BeanWater.fasta
BeesKnees-A1,fasta\BeesKnees.fasta
BEEST-K1,fasta\BEEST.fasta
BellusTerra-A4,fasta\BellusTerra.fasta
Benedict-A5,fasta\Benedict.fasta
Bernal13-T,fasta\Bernal13.fasta
Bernardo-B3,fasta\Bernardo.fasta
Bethlehem-A1,fasta\Bethlehem.fasta
BigMama-D1,fasta\BigMama.fasta
BigNuz-P,fasta\BigNuz.fasta
BillKnuckles-A1,fasta\BillKnuckles.fasta
Bipolar-F1,fasta\Bipolar.fasta
BlackStallion-B1,fasta\BlackStallion.fasta
Blue7-A6,fasta\Blue7.fasta
Bob3-A1,fasta\Bob3.fasta
Bobi-F1,fasta\Bobi.fasta
Bongo-M1,fasta\Bongo.fasta
Boomer-F1,fasta\Boomer.fasta
BPBiebs31-A1,fasta\BPBiebs31.fasta
BPs-G,fasta\BPs.fasta
BQuat-G,fasta\BQuat.fasta
Breeniome-C1,fasta\Breeniome.fasta
Breezona-L2,fasta\Breezona.fasta
Brocalys-F1,fasta\Brocalys.fasta
Broseidon-A4,fasta\Broseidon.fasta
Browncna-B4,fasta\Browncna.fasta
BruceB-G,fasta\BruceB.fasta
Bruin-E,fasta\Bruin.fasta
Bruiser-A4,fasta\Bruiser.fasta
Brujita-I1,fasta\Brujita.fasta
Bruns-A1,fasta\Bruns.fasta
Bubbles123-F1,fasta\Bubbles123.fasta
BubbleTrouble-A4,fasta\BubbleTrouble.fasta
Bugsy-A2,fasta\Bugsy.fasta
Bunnies-P,fasta\Bunnies.fasta
Burger-A4,fasta\Burger.fasta
Butters-N,fasta\Butters.fasta
Butterscotch-D1,fasta\Butterscotch.fasta
BuzzLyseyear-F1,fasta\BuzzLyseyear.fasta
Bxb1-A1,fasta\Bxb1.fasta
Bxz1-C1,fasta\Bxz1.fasta
Bxz2-A3,fasta\Bxz2.fasta
Cabrinians-F1,fasta\Cabrinians.fasta
Cactus-E,fasta\Cactus.fasta
Caelakin-A4,fasta\Caelakin.fasta
Cali-C1,fasta\Cali.fasta
Camperdownii-A4,fasta\Camperdownii.fasta
CaptainTrips-F1,fasta\CaptainTrips.fasta
Carcharodon-N,fasta\Carcharodon.fasta
Catalina-A9,fasta\Catalina.fasta
Catdawg-O,fasta\Catdawg.fasta
Catera-C1,fasta\Catera.fasta
Cerasum-F1,fasta\Cerasum.fasta
Chadwick-A5,fasta\Chadwick.fasta
Chah-B1,fasta\Chah.fasta
Chandler-B3,fasta\Chandler.fasta
Changeling-A2,fasta\Changeling.fasta
Charlie-N,fasta\Charlie.fasta
CharlieB-C1,fasta\CharlieB.fasta
Che12-A2,fasta\Che12.fasta
Che8-F1,fasta\Che8.fasta
Che9c-I2,fasta\Che9c.fasta
Che9d-F2,fasta\Che9d.fasta
Cheetobro-K4,fasta\Cheetobro.fasta
Cherrybomb426-G,fasta\Cherrybomb426.fasta
ChipMunk-A2,fasta\ChipMunk.fasta
Chorkpop-B1,fasta\Chorkpop.fasta
ChrisnMich-B4,fasta\ChrisnMich.fasta
Chunky-B1,fasta\Chunky.fasta
Cjw1-E,fasta\Cjw1.fasta
Clarenza-A4,fasta\Clarenza.fasta
CloudWang3-A6,fasta\CloudWang3.fasta
Colbert-B1,fasta\Colbert.fasta
Collard-K5,fasta\Collard.fasta
Compostia-B3,fasta\Compostia.fasta
ConceptII-A1,fasta\ConceptII.fasta
Conspiracy-A5,fasta\Conspiracy.fasta
Contagion-E,fasta\Contagion.fasta
Cooper-B4,fasta\Cooper.fasta
Corndog-O,fasta\Corndog.fasta
Corvo-A1,fasta\Corvo.fasta
Cosmo-Unclustered,fasta\Cosmo.fasta
Courthouse-J,fasta\Courthouse.fasta
CREW-K1,fasta\CREW.fasta
CrimD-K1,fasta\CrimD.fasta
Crossroads-L2,fasta\Crossroads.fasta
Crownjwl-B1,fasta\Crownjwl.fasta
Cuco-A5,fasta\Cuco.fasta
Czyszczon1-E,fasta\Czyszczon1.fasta
D29-A2,fasta\D29.fasta
Daenerys-F1,fasta\Daenerys.fasta
Daffy-B1,fasta\Daffy.fasta
DaHudson-A3,fasta\DaHudson.fasta
Daisy-B3,fasta\Daisy.fasta
Damien-H1,fasta\Damien.fasta
Dandelion-C1,fasta\Dandelion.fasta
Dante-F1,fasta\Dante.fasta
DaVinci-A6,fasta\DaVinci.fasta
DD5-A1,fasta\DD5.fasta
DeadP-F1,fasta\DeadP.fasta
Delilah-C1,fasta\Delilah.fasta
Dhanush-A4,fasta\Dhanush.fasta
DirtMcgirt-F1,fasta\DirtMcgirt.fasta
DLane-F1,fasta\DLane.fasta
Donovan-P,fasta\Donovan.fasta
DonSanchon-B1,fasta\DonSanchon.fasta
Doom-A1,fasta\Doom.fasta
Dori-Singleton,fasta\Dori.fasta
Dorothy-F1,fasta\Dorothy.fasta
DotProduct-F1,fasta\DotProduct.fasta
Drago-F1,fasta\Drago.fasta
Drazdys-C1,fasta\Drazdys.fasta
DrDrey-E,fasta\DrDrey.fasta
Dreamboat-A1,fasta\Dreamboat.fasta
DS6A-Singleton,fasta\DS6A.fasta
DTDevon-C1,fasta\DTDevon.fasta
Duke13-J,fasta\Duke13.fasta
Dumbo-E,fasta\Dumbo.fasta
Dusk-E,fasta\Dusk.fasta
Dylan-O,fasta\Dylan.fasta
Dynamix-A1,fasta\Dynamix.fasta
Eagle-A4,fasta\Eagle.fasta
EagleEye-A2,fasta\EagleEye.fasta
Eaglehorse-B2,fasta\Eaglehorse.fasta
Echild-A2,fasta\Echild.fasta
Edtherson-A1,fasta\Edtherson.fasta
Elph10-E,fasta\Elph10.fasta
ElTiger69-A5,fasta\ElTiger69.fasta
Emerson-K1,fasta\Emerson.fasta
Empress-F1,fasta\Empress.fasta
EmpTee-B1,fasta\EmpTee.fasta
EmToTheThree-C1,fasta\EmToTheThree.fasta
EpicPhail-A3,fasta\EpicPhail.fasta
Equemioh13-A2,fasta\Equemioh13.fasta
Eremos-B1,fasta\Eremos.fasta
EricB-A6,fasta\EricB.fasta
EricMillard-J,fasta\EricMillard.fasta
Eris-A4,fasta\Eris.fasta
ErnieJ-C1,fasta\ErnieJ.fasta
Estave1-F1,fasta\Estave1.fasta
ET08-C1,fasta\ET08.fasta
Et2Brutus-A11,fasta\Et2Brutus.fasta
Euphoria-A1,fasta\Euphoria.fasta
Eureka-E,fasta\Eureka.fasta
Evanesce-Q,fasta\Evanesce.fasta
EvilGenius-A2,fasta\EvilGenius.fasta
Expelliarmus-A8,fasta\Expelliarmus.fasta
Faith1-L2,fasta\Faith1.fasta
Fang-B1,fasta\Fang.fasta
Farber-A3,fasta\Farber.fasta
Fascinus-A1,fasta\Fascinus.fasta
Fibonacci-A11,fasta\Fibonacci.fasta
Fionnbharth-K4,fasta\Fionnbharth.fasta
Firecracker-O,fasta\Firecracker.fasta
FireRed-E,fasta\FireRed.fasta
Fishburne-P,fasta\Fishburne.fasta
Florinda-F1,fasta\Florinda.fasta
FluffyNinja-B1,fasta\FluffyNinja.fasta
Flux-A4,fasta\Flux.fasta
ForGetIt-A5,fasta\ForGetIt.fasta
Forsytheast-A1,fasta\Forsytheast.fasta
Frederick-B4,fasta\Frederick.fasta
FriarPreacher-B1,fasta\FriarPreacher.fasta
Frosty24-G,fasta\Frosty24.fasta
Fruitloop-F1,fasta\Fruitloop.fasta
Funston-A4,fasta\Funston.fasta
Fushigi-A1,fasta\Fushigi.fasta
Gadjet-B3,fasta\Gadjet.fasta
Gadost-A4,fasta\Gadost.fasta
GageAP-A1,fasta\GageAP.fasta
Gaia-Singleton,fasta\Gaia.fasta
Gengar-K5,fasta\Gengar.fasta
George-A5,fasta\George.fasta
Ghost-C1,fasta\Ghost.fasta
Giles-Q,fasta\Giles.fasta
GingkoMaracino-A3,fasta\GingkoMaracino.fasta
Girafales-F1,fasta\Girafales.fasta
Girr-F1,fasta\Girr.fasta
Gizmo-C1,fasta\Gizmo.fasta
Gladiator-A6,fasta\Gladiator.fasta
Godines-B2,fasta\Godines.fasta
Goku-E,fasta\Goku.fasta
Gomashi-G,fasta\Gomashi.fasta
Goose-A10,fasta\Goose.fasta
Graduation-A1,fasta\Graduation.fasta
Grum1-A3,fasta\Grum1.fasta
Gumball-D1,fasta\Gumball.fasta
GUmbie-F1,fasta\Gumbie.fasta
Gyarad-B1,fasta\Gyarad.fasta
Hades-F1,fasta\Hades.fasta
Halley-J,fasta\Halley.fasta
Halo-G,fasta\Halo.fasta
Hammer-A6,fasta\Hammer.fasta
HamSlice-A4,fasta\HamSlice.fasta
Hamulus-F1,fasta\Hamulus.fasta
HanShotFirst-A1,fasta\HanShotFirst.fasta
Harvey-B1,fasta\Harvey.fasta
Hawkeye-D2,fasta\Hawkeye.fasta
Heathcliff-B3,fasta\Heathcliff.fasta
Hedgerow-B2,fasta\Hedgerow.fasta
Heffalump-A2,fasta\Heffalump.fasta
Hegedechwinu-F1,fasta\Hegedechwinu.fasta
Held-B1,fasta\Held.fasta
HelDan-A3,fasta\HelDan.fasta
Henry-E,fasta\Henry.fasta
Hercules11-A3,fasta\Hercules11.fasta
Hertubise-B1,fasta\Hertubise.fasta
Hetaeria-B1,fasta\Hetaeria.fasta
HH92-Q,fasta\HH92.fasta
HINdeR-A7,fasta\HINdeR.fasta
Holli-A4,fasta\Holli.fasta
Homura-K1,fasta\Homura.fasta
Hope-G,fasta\Hope.fasta
Hope4ever-A1,fasta\Hope4ever.fasta
Hopey-E,fasta\Hopey.fasta
HufflyPuff-E,fasta\HufflyPuff.fasta
HUHilltop-P,fasta\HUHilltop.fasta
Ibhubesi-F1,fasta\Ibhubesi.fasta
Ichabod-A1,fasta\Ichabod.fasta
ICleared-A4,fasta\ICleared.fasta
Inventum-F1,fasta\Inventum.fasta
IronMan-A2,fasta\IronMan.fasta
IsaacEli-B1,fasta\IsaacEli.fasta
Island3-I1,fasta\Island3.fasta
Jabbawokkie-F2,fasta\Jabbawokkie.fasta
JacAttac-B1,fasta\JacAttac.fasta
JAMaL-B4,fasta\JAMaL.fasta
Jasper-A1,fasta\Jasper.fasta
JAWS-K1,fasta\JAWS.fasta
JC27-A1,fasta\JC27.fasta
Jebeks-P,fasta\Jebeks.fasta
Jeffabunny-A6,fasta\Jeffabunny.fasta
Jeon-Singleton,fasta\Jeon.fasta
Jerm-A2,fasta\Jerm.fasta
JewelBug-A6,fasta\JewelBug.fasta
JHC117-A3,fasta\JHC117.fasta
Job42-F1,fasta\Job42.fasta
Jobu08-A3,fasta\Jobu08.fasta
JoeDirt-L1,fasta\JoeDirt.fasta
JoongJeon-A4,fasta\JoongJeon.fasta
Jovo-A5,fasta\Jovo.fasta
Joy99-K1,fasta\Joy99.fasta
Jsquared-A2,fasta\Jsquared.fasta
Kamiyu-B3,fasta\Kamiyu.fasta
Kampy-A4,fasta\Kampy.fasta
KayaCho-B4,fasta\KayaCho.fasta
Kazan-A6,fasta\Kazan.fasta
KBG-A1,fasta\KBG.fasta
Keshu-K3,fasta\Keshu.fasta
KFPoly-A4,fasta\KFPoly.fasta
Kheth-B2,fasta\Kheth.fasta
Kikipoo-B1,fasta\Kikipoo.fasta
Kinbote-Q,fasta\Kinbote.fasta
KingVeVeVe-B1,fasta\KingVeVeVe.fasta
KittenMittens-A10,fasta\KittenMittens.fasta
Klein-J,fasta\Klein.fasta
Kloppinator-B1,fasta\Kloppinator.fasta
KLucky39-B1,fasta\KLucky39.fasta
Koguma-C1,fasta\Koguma.fasta
Konstantine-H1,fasta\Konstantine.fasta
Kostya-E,fasta\Kostya.fasta
Krakatau-F1,fasta\Krakatau.fasta
Kratark-A4,fasta\Kratark.fasta
Kratio-K5,fasta\Kratio.fasta
KSSJEB-A1,fasta\KSSJEB.fasta
Kugel-A1,fasta\Kugel.fasta
Kykar-A1,fasta\Kykar.fasta
L5-A2,fasta\L5.fasta
Lamina13-A1,fasta\Lamina13.fasta
Larenn-A2,fasta\Larenn.fasta
Larva-K5,fasta\Larva.fasta
Lasso-B1,fasta\Lasso.fasta
Laurie-B2,fasta\Laurie.fasta
LeBron-L1,fasta\LeBron.fasta
LeeLot-B1,fasta\LeeLot.fasta
Lego3393-B1,fasta\Lego3393.fasta
LemonSlice-B1,fasta\LemonSlice.fasta
Lemur-A4,fasta\Lemur.fasta
Lesedi-A1,fasta\Lesedi.fasta
LHTSCC-A4,fasta\LHTSCC.fasta
Liefie-G,fasta\Liefie.fasta
Lilac-E,fasta\Lilac.fasta
Lilith-A3,fasta\Lilith.fasta
LinStu-C1,fasta\LinStu.fasta
LittleCherry-A5,fasta\LittleCherry.fasta
LittleE-J,fasta\LittleE.fasta
LittleGuy-A4,fasta\LittleGuy.fasta
Littleton-C1,fasta\Littleton.fasta
LizLemon-B2,fasta\LizLemon.fasta
Llama-F1,fasta\Llama.fasta
Llij-F1,fasta\Llij.fasta
Loadrie-L2,fasta\Loadrie.fasta
Lockley-A1,fasta\Lockley.fasta
Lolly9-L3,fasta\Lolly9.fasta
Loser-A2,fasta\Loser.fasta
LRRHood-C1,fasta\LRRHood.fasta
Lucky2013-J,fasta\Lucky2013.fasta
MacnCheese-K3,fasta\MacnCheese.fasta
MadamMonkfish-E,fasta\MadamMonkfish.fasta
Madruga-U,fasta\Madruga.fasta
Magnito-A1,fasta\Magnito.fasta
Mainiac-A3,fasta\Mainiac.fasta
Malithi-P,fasta\Malithi.fasta
Mana-B1,fasta\Mana.fasta
Manad-B1,fasta\Manad.fasta
Manatee-A1,fasta\Manatee.fasta
Mantra-F1,fasta\Mantra.fasta
Marcell-A1,fasta\Marcell.fasta
Marie-A3,fasta\Marie.fasta
MarQuardt-A3,fasta\MarQuardt.fasta
Marvin-S,fasta\Marvin.fasta
Maverick-A4,fasta\Maverick.fasta
McFly-A6,fasta\McFly.fasta
McGuire-A1,fasta\McGuire.fasta
Medusa-A4,fasta\Medusa.fasta
MeeZee-A4,fasta\MeeZee.fasta
Megatron-B1,fasta\Megatron.fasta
Melvin-A4,fasta\Melvin.fasta
Mendokysei-T,fasta\Mendokysei.fasta
MetalQZJ-A1,fasta\MetalQZJ.fasta
Methuselah-A3,fasta\Methuselah.fasta
MiaZeal-J,fasta\MiaZeal.fasta
MichelleMyBell-N,fasta\MichelleMyBell.fasta
Microwolf-A3,fasta\Microwolf.fasta
MilleniumForce-F1,fasta\MilleniumForce.fasta
Millski-A4,fasta\Millski.fasta
Milly-K2,fasta\Milly.fasta
Minerva-J,fasta\Minerva.fasta
Minnie-F1,fasta\Minnie.fasta
Misomonster-A3,fasta\Misomonster.fasta
MisterCuddles-F1,fasta\MisterCuddles.fasta
MitKao-B1,fasta\MitKao.fasta
MkaliMitinis3-L2,fasta\MkaliMitinis3.fasta
MoMoMixon-C1,fasta\MoMoMixon.fasta
MooMoo-Singleton,fasta\MooMoo.fasta
Morgushi-B1,fasta\Morgushi.fasta
Morpher26-A4,fasta\Morpher26.fasta
Morty-B1,fasta\Morty.fasta
Mosaic-B1,fasta\Mosaic.fasta
Mosby-E,fasta\Mosby.fasta
MosMoris-S,fasta\MosMoris.fasta
Mozy-F1,fasta\Mozy.fasta
MPlant7149-A1,fasta\MPlant7149.fasta
MRabcd-B1,fasta\MRabcd.fasta
MrGordo-A1,fasta\MrGordo.fasta
Muddy-Singleton,fasta\Muddy.fasta
Mufasa-K2,fasta\Mufasa.fasta
Mulciber-A11,fasta\Mulciber.fasta
Mundrea-A4,fasta\Mundrea.fasta
Murdoc-B1,fasta\Murdoc.fasta
Murica-E,fasta\Murica.fasta
Murphy-E,fasta\Murphy.fasta
Murucutumbu-K1,fasta\Murucutumbu.fasta
Museum-A1,fasta\Museum.fasta
Mutaforma13-F1,fasta\Mutaforma13.fasta
Myrna-C2,fasta\Myrna.fasta
Myxus-A9,fasta\Myxus.fasta
Naca-A5,fasta\Naca.fasta
Nacho-B1,fasta\Nacho.fasta
Nala-E,fasta\Nala.fasta
Nappy-C1,fasta\Nappy.fasta
NelitzaMV-E,fasta\NelitzaMV.fasta
Newman-B1,fasta\Newman.fasta
Nhonho-A1,fasta\Nhonho.fasta
Nicholasp3-L2,fasta\Nicholasp3.fasta
Nigel-B4,fasta\Nigel.fasta
Nilo-R,fasta\Nilo.fasta
Norbert-A3,fasta\Norbert.fasta
NoSleep-E,fasta\NoSleep.fasta
Nova-D1,fasta\Nova.fasta
NuevoMundo-C1,fasta\NuevoMundo.fasta
Numberten-B1,fasta\NumberTen.fasta
Nyxis-A4,fasta\Nyxis.fasta
Oaker-H1,fasta\Oaker.fasta
Obama12-A4,fasta\Obama12.fasta
OBUpride-Q,fasta\OBUpride.fasta
Odin-A2,fasta\Odin.fasta
Ogopogo-F1,fasta\Ogopogo.fasta
OkiRoe-K5,fasta\OkiRoe.fasta
Oline-B1,fasta\Oline.fasta
OliverWalter-B1,fasta\OliverWalter.fasta
Ollie-A3,fasta\Ollie.fasta
Omega-J,fasta\Omega.fasta
Omnicron-K5,fasta\Omnicron.fasta
Oosterbaan-B1,fasta\Oosterbaan.fasta
Optimus-J,fasta\Optimus.fasta
Orion-B1,fasta\Orion.fasta
OrionPax-E,fasta\OrionPax.fasta
OSmaximus-B1,fasta\OSmaximus.fasta
Ovechkin-F1,fasta\Ovechkin.fasta
P28Green-A3,fasta\P28Green.fasta
Pacc40-F1,fasta\Pacc40.fasta
PackMan-A9,fasta\PackMan.fasta
Palestino-A4,fasta\Palestino.fasta
Papez-A1,fasta\Papez.fasta
Papyrus-R,fasta\Papyrus.fasta
Pari-A1,fasta\Pari.fasta
Patience-U,fasta\Patience.fasta
PattyP-A1,fasta\PattyP.fasta
PBI1-D1,fasta\PBI1.fasta
Peaches-A4,fasta\Peaches.fasta
PegLeg-M1,fasta\PegLeg.fasta
Pepe-A1,fasta\Pepe.fasta
Perseus-A1,fasta\Perseus.fasta
Petp2012-A1,fasta\Petp2012.fasta
PG1-B1,fasta\PG1.fasta
Phacado-A4,fasta\Phacado.fasta
Phaedrus-B3,fasta\Phaedrus.fasta
Phantastic-A3,fasta\Phantastic.fasta
Pharsalus-E,fasta\Pharsalus.fasta
PhatBacter-E,fasta\PhatBacter.fasta
Phatniss-F1,fasta\Phatniss.fasta
Phaux-E,fasta\Phaux.fasta
Phelemich-B5,fasta\Phelemich.fasta
Phighter1804-A4,fasta\Phighter1804.fasta
Phineas-P,fasta\Phineas.fasta
Phipps-B1,fasta\Phipps.fasta
Phlorence-A5,fasta\Phlorence.fasta
Phlyer-B3,fasta\Phlyer.fasta
Phoxy-A3,fasta\Phoxy.fasta
Phreak-G,fasta\Phreak.fasta
PhrostyMug-A1,fasta\PhrostyMug.fasta
Phrux-E,fasta\Phrux.fasta
Pier-C1,fasta\Pier.fasta
Piglet-B1,fasta\Piglet.fasta
Pinto-A1,fasta\Pinto.fasta
Pio-C1,fasta\Pio.fasta
Pipcraft-A4,fasta\Pipcraft.fasta
Pipefish-B3,fasta\Pipefish.fasta
Pippy-F1,fasta\Pippy.fasta
Pipsqueak-B1,fasta\Pipsqueak.fasta
Piro94-A2,fasta\Piro94.fasta
Pixie-K3,fasta\Pixie.fasta
Pleione-C1,fasta\Pleione.fasta
PLot-D1,fasta\PLot.fasta
PMC-F1,fasta\PMC.fasta
Pocahontas-A3,fasta\Pocahontas.fasta
Popcicle-A3,fasta\Popcicle.fasta
Pops-B1,fasta\Pops.fasta
Porky-E,fasta\Porky.fasta
PotatoSplit-A3,fasta\PotatoSplit.fasta
Power-A2,fasta\Power.fasta
Predator-H1,fasta\Predator.fasta
Puhltonio-B1,fasta\Puhltonio.fasta
Pukovnik-A2,fasta\Pukovnik.fasta
Pumpkin-E,fasta\Pumpkin.fasta
Purky-P,fasta\Purky.fasta
PurpleHaze-A3,fasta\PurpleHaze.fasta
QBert-C1,fasta\QBert.fasta
Quico-F1,fasta\Quico.fasta
QuinnKiro-A3,fasta\QuinnKiro.fasta
Qyrzula-B2,fasta\Qyrzula.fasta
Rakim-E,fasta\Rakim.fasta
Ramsey-F1,fasta\Ramsey.fasta
Rebeuca-A10,fasta\Rebeuca.fasta
Redi-N,fasta\Redi.fasta
Redno2-J,fasta\Redno2.fasta
RedRock-A2,fasta\RedRock.fasta
Reprobate-B5,fasta\Reprobate.fasta
Rey-M2,fasta\Rey.fasta
RhynO-A10,fasta\RhynO.fasta
RidgeCB-A1,fasta\RidgeCB.fasta
Ringer-A1,fasta\Ringer.fasta
RiverMonster-E,fasta\RiverMonster.fasta
Rizal-C1,fasta\Rizal.fasta
Rockstar-A3,fasta\Rockstar.fasta
RockyHorror-F1,fasta\RockyHorror.fasta
RonRayGun-T,fasta\RonRayGun.fasta
Roscoe-B1,fasta\Roscoe.fasta
Rosebush-B2,fasta\Rosebush.fasta
Ruby-F1,fasta\Ruby.fasta
Rufus-A1,fasta\Rufus.fasta
Rumpelstiltskin-L2,fasta\Rumpelstiltskin.fasta
Ruotula-A1,fasta\Ruotula.fasta
Rutherferd-A1,fasta\Rutherferd.fasta
Saal-F1,fasta\Saal.fasta
Sabertooth-A4,fasta\Sabertooth.fasta
Sabia-A3,fasta\Sabia.fasta
Saintus-A8,fasta\Saintus.fasta
SamScheppers-K4,fasta\SamScheppers.fasta
SarFire-A1,fasta\SarFire.fasta
Sbash-I2,fasta\Sbash.fasta
Scoot17C-B1,fasta\Scoot17C.fasta
ScottMcG-C1,fasta\ScottMcG.fasta
Scowl-A1,fasta\Scowl.fasta
SDcharge11-B1,fasta\SDcharge11.fasta
Seabiscuit-A1,fasta\SeaBiscuit.fasta
Sebata-C1,fasta\Sebata.fasta
SemperFi-A2,fasta\SemperFi.fasta
Send513-R,fasta\Send513.fasta
Serendipity-B1,fasta\Serendipity.fasta
Serenity-A2,fasta\Serenity.fasta
Serpentine-B1,fasta\Serpentine.fasta
Severus-A10,fasta\Severus.fasta
SG4-F1,fasta\SG4.fasta
Shaka-A4,fasta\Shaka.fasta
Shauna1-F1,fasta\Shauna1.fasta
Sheen-A7,fasta\Sheen.fasta
ShiLan-F1,fasta\ShiLan.fasta
Shipwreck-P,fasta\Shipwreck.fasta
ShiVal-B1,fasta\ShiVal.fasta
Shrimp-C1,fasta\Shrimp.fasta
Sigman-B1,fasta\Sigman.fasta
Simpliphy-E,fasta\Simpliphy.fasta
SirDuracell-E,fasta\SirDuracell.fasta
SirHarley-D1,fasta\SirHarley.fasta
SiSi-F1,fasta\SiSi.fasta
SkinnyPete-N,fasta\SkinnyPete.fasta
SkiPole-A1,fasta\SkiPole.fasta
Slarp-K4,fasta\Slarp.fasta
SmallFry-C1,fasta\SmallFry.fasta
Smeadley-A8,fasta\Smeadley.fasta
Smeagol-A1,fasta\Smeagol.fasta
Solon-A1,fasta\Solon.fasta
Sophia-B1,fasta\Sophia.fasta
Soto-B1,fasta\Soto.fasta
Sparky-Singleton,fasta\Sparky.fasta
Spartacus-F1,fasta\Spartacus.fasta
Spartan300-B1,fasta\Spartan300.fasta
Spike509-A3,fasta\Spike509.fasta
Spoonbill-F1,fasta\Spoonbill.fasta
Spud-C1,fasta\Spud.fasta
Squid-B1,fasta\Squid.fasta
Squirty-F3,fasta\Squirty.fasta
Stark-E,fasta\Stark.fasta
Stinger-B4,fasta\Stinger.fasta
Suffolk-B1,fasta\Suffolk.fasta
Sulley-K1,fasta\Sulley.fasta
SuperAwesome-A6,fasta\SuperAwesome.fasta
SuperGrey-F1,fasta\SuperGrey.fasta
SweetiePie-A2,fasta\SweetiePie.fasta
Swirley-A5,fasta\Swirley.fasta
Swish-B1,fasta\Swish.fasta
Switzer-A1,fasta\Switzer.fasta
TA17A-B2,fasta\TA17A.fasta
Taj-F1,fasta\Taj.fasta
TallGrassMM-B1,fasta\TallGrassMM.fasta
Taquito-K4,fasta\Taquito.fasta
Target-A1,fasta\Target.fasta
Taurus-A3,fasta\Taurus.fasta
Teardrop-C1,fasta\Teardrop.fasta
TeardropMSU-E,fasta\TeardropMSU.fasta
Temp1-A3,fasta\BabyRatchet.fasta
Thanksgivukkah-A4,fasta\Thanksgivukkah.fasta
Theia-A5,fasta\Theia.fasta
Thibault-J,fasta\Thibault.fasta
Thor-A1,fasta\Thor.fasta
Thora-B1,fasta\Thora.fasta
ThreeOh3D2-B1,fasta\ThreeOh3D2.fasta
Tiffany-A3,fasta\Tiffany.fasta
Tiger-A5,fasta\Tiger.fasta
Timshel-A7,fasta\Timshel.fasta
TinaFeyge-A4,fasta\TinaFeyge.fasta
TinyTim-C1,fasta\TinyTim.fasta
TiroTheta9-A4,fasta\TiroTheta9.fasta
TM4-K2,fasta\TM4.fasta
Tortoise16-C1,fasta\Tortoise16.fasta
Toto-E,fasta\Toto.fasta
Treddle-A1,fasta\Treddle.fasta
Trike-A10,fasta\Trike.fasta
Tripl3t-A1,fasta\Tripl3t.fasta
Trixie-A2,fasta\Trixie.fasta
Troll4-D1,fasta\Troll4.fasta
Trouble-A1,fasta\Trouble.fasta
Trypo-B1,fasta\Trypo.fasta
Tuco-E,fasta\Tuco.fasta
Turbido-A2,fasta\Turbido.fasta
Turj99-A1,fasta\Turj99.fasta
Tweety-F1,fasta\Tweety.fasta
Twister-A10,fasta\Twister.fasta
TygerBlood-A4,fasta\TygerBlood.fasta
Tyke-C1,fasta\Tyke.fasta
U2-A1,fasta\U2.fasta
Ukulele-E,fasta\Ukulele.fasta
UncleHowie-B1,fasta\UncleHowie.fasta
UnionJack-A5,fasta\UnionJack.fasta
Updawg-A2,fasta\Updawg.fasta
UPIE-L1,fasta\UPIE.fasta
Validus-K1,fasta\Validus.fasta
Velveteen-F1,fasta\Velveteen.fasta
Veracruz-A3,fasta\Veracruz.fasta
Violet-A1,fasta\Violet.fasta
Vista-B1,fasta\Vista.fasta
Vivaldi-B1,fasta\Vivaldi.fasta
Vix-A3,fasta\Vix.fasta
VohminGhazi-A6,fasta\VohminGhazi.fasta
Vortex-B1,fasta\Vortex.fasta
Wally-C1,fasta\Wally.fasta
Wanda-J,fasta\Wanda.fasta
Wander-A4,fasta\Wander.fasta
Waterdiva-B1,fasta\Waterdiva.fasta
Wee-F1,fasta\Wee.fasta
Weiss13-R,fasta\Weiss13.fasta
Whabigail7-A2,fasta\Whabigail7.fasta
Wheeler-A1,fasta\Wheeler.fasta
Whirlwind-L3,fasta\Whirlwind.fasta
Wildcat-Singleton,fasta\Wildcat.fasta
Wile-A4,fasta\Wile.fasta
Willez-E,fasta\Willez.fasta
Willis-C1,fasta\Willis.fasta
Winky-L2,fasta\Winky.fasta
Xavier-B1,fasta\Xavier.fasta
Xerxes-N,fasta\Xerxes.fasta
Yahalom-B3,fasta\Yahalom.fasta
Yoshand-B1,fasta\Yoshand.fasta
Yoshi-F2,fasta\Yoshi.fasta
YouGoGlencoco-B1,fasta\YouGoGlencoco.fasta
YungJamal-O,fasta\YungJamal.fasta
Zaka-A6,fasta\Zaka.fasta
Zapner-F2,fasta\Zapner.fasta
Zeenon-C1,fasta\Zeenon.fasta
Zelda-B1,fasta\Zelda.fasta
Zemanar-B4,fasta\Zemanar.fasta
Zephyr-A1,fasta\Zephyr.fasta
Zetzy-A3,fasta\Zetzy.fasta
Zeuska-A1,fasta\Zeuska.fasta
ZoeJ-K2,fasta\ZoeJ.fasta
Zombie-G,fasta\Zombie.fasta
Zonia-B1,fasta\Zonia.fasta
ZygoTaiga-C1,fasta\ZygoTaiga.fasta
